{"education": {"Some-college": {"precision": 0.48292682926829267, "recall": 0.3574007220216607, "fbeta": 0.41078838174273863, "sample": 1485}, "HS-grad": {"precision": 0.5, "recall": 0.15072463768115943, "fbeta": 0.2316258351893096, "sample": 2085}, "Bachelors": {"precision": 0.7139588100686499, "recall": 0.6933333333333334, "fbeta": 0.7034949267192786, "sample": 1053}, "Masters": {"precision": 0.8066037735849056, "recall": 0.8260869565217391, "fbeta": 0.8162291169451074, "sample": 369}, "Assoc-acdm": {"precision": 0.55, "recall": 0.46808510638297873, "fbeta": 0.5057471264367817, "sample": 198}, "7th-8th": {"precision": 0.3333333333333333, "recall": 0.16666666666666666, "fbeta": 0.2222222222222222, "sample": 141}, "11th": {"precision": 0.0, "recall": 0.0, "fbeta": 0.0, "sample": 225}, "Assoc-voc": {"precision": 0.4888888888888889, "recall": 0.3492063492063492, "fbeta": 0.4074074074074074, "sample": 273}, "Prof-school": {"precision": 0.8295454545454546, "recall": 0.8690476190476191, "fbeta": 0.8488372093023256, "sample": 116}, "9th": {"precision": 0.0, "recall": 0.0, "fbeta": 0.0, "sample": 115}, "5th-6th": {"precision": 1.0, "recall": 0.0, "fbeta": 0.0, "sample": 62}, "10th": {"precision": 1.0, "recall": 0.0, "fbeta": 0.0, "sample": 183}, "Doctorate": {"precision": 0.8392857142857143, "recall": 0.8245614035087719, "fbeta": 0.8318584070796461, "sample": 77}, "12th": {"precision": 0.3333333333333333, "recall": 0.2, "fbeta": 0.25, "sample": 98}, "1st-4th": {"precision": 1.0, "recall": 1.0, "fbeta": 1.0, "sample": 23}, "Preschool": {"precision": 1.0, "recall": 1.0, "fbeta": 1.0, "sample": 10}}}