{"education": {"Some-college": {"precision": 0.5795454545454546, "recall": 0.36823104693140796, "fbeta": 0.45033112582781454, "sample": 1485}, "HS-grad": {"precision": 0.5258620689655172, "recall": 0.17681159420289855, "fbeta": 0.26464208242950105, "sample": 2085}, "Bachelors": {"precision": 0.7183406113537117, "recall": 0.7311111111111112, "fbeta": 0.724669603524229, "sample": 1053}, "Masters": {"precision": 0.7934272300469484, "recall": 0.8164251207729468, "fbeta": 0.8047619047619047, "sample": 369}, "Assoc-acdm": {"precision": 0.47619047619047616, "recall": 0.425531914893617, "fbeta": 0.449438202247191, "sample": 198}, "7th-8th": {"precision": 0.25, "recall": 0.16666666666666666, "fbeta": 0.2, "sample": 141}, "11th": {"precision": 1.0, "recall": 0.0, "fbeta": 0.0, "sample": 225}, "Assoc-voc": {"precision": 0.574468085106383, "recall": 0.42857142857142855, "fbeta": 0.4909090909090909, "sample": 273}, "Prof-school": {"precision": 0.8222222222222222, "recall": 0.8809523809523809, "fbeta": 0.8505747126436781, "sample": 116}, "9th": {"precision": 0.0, "recall": 0.0, "fbeta": 0.0, "sample": 115}, "5th-6th": {"precision": 1.0, "recall": 0.0, "fbeta": 0.0, "sample": 62}, "10th": {"precision": 1.0, "recall": 0.0, "fbeta": 0.0, "sample": 183}, "Doctorate": {"precision": 0.8363636363636363, "recall": 0.8070175438596491, "fbeta": 0.8214285714285714, "sample": 77}, "12th": {"precision": 0.3333333333333333, "recall": 0.2, "fbeta": 0.25, "sample": 98}, "1st-4th": {"precision": 1.0, "recall": 1.0, "fbeta": 1.0, "sample": 23}, "Preschool": {"precision": 1.0, "recall": 1.0, "fbeta": 1.0, "sample": 10}}}